{
  "system": "Windows",
  "version": "1.1.0",
  "lite": false,
  "py_version": "3.9",
  "py_version_micro": "3.9.19",
  "packages": {
    "astroid": "2.4.2",
    "isort": "5.7.0",
    "lazy-object-proxy": "1.4.3",
    "mccabe": "0.6.1",
    "pylint": "2.6.0",
    "toml": "0.10.2",
    "wrapt": "1.12.1",
    "brotli": "1.1.0",
    "cython": "3.0.10",
    "flaml": "2.1.2",
    "gitpython": "3.1.43",
    "markdown": "3.6",
    "markupsafe": "2.1.5",
    "pyqt5": "5.15.9",
    "pyqt5-sip": "12.12.2",
    "pysocks": "1.7.1",
    "pyyaml": "6.0.1",
    "sqlalchemy": "2.0.30",
    "webob": "1.8.7",
    "absl-py": "2.1.0",
    "accelerate": "0.21.0",
    "aiohttp": "3.9.5",
    "aiohttp-cors": "0.7.0",
    "aiosignal": "1.3.1",
    "altair": "5.3.0",
    "annotated-types": "0.7.0",
    "antlr4-python3-runtime": "4.9.3",
    "appdirs": "1.4.4",
    "asttokens": "2.4.1",
    "async-timeout": "4.0.3",
    "attrs": "23.2.0",
    "autogluon": "1.1.0",
    "autogluon.common": "1.1.0",
    "autogluon.core": "1.1.0",
    "autogluon.features": "1.1.0",
    "autogluon.multimodal": "1.1.0",
    "autogluon.tabular": "1.1.0",
    "autogluon.timeseries": "1.1.0",
    "autopep8": "2.2.0",
    "backcall": "0.2.0",
    "beautifulsoup4": "4.12.3",
    "blinker": "1.8.2",
    "blis": "0.7.11",
    "boto3": "1.34.126",
    "botocore": "1.34.126",
    "branca": "0.7.2",
    "cachetools": "5.3.3",
    "catalogue": "2.0.10",
    "catboost": "1.2.5",
    "category-encoders": "2.6.3",
    "certifi": "2024.7.4",
    "cffi": "1.16.0",
    "charset-normalizer": "3.3.2",
    "click": "8.1.7",
    "cloudpathlib": "0.18.1",
    "cloudpickle": "3.0.0",
    "colorama": "0.4.6",
    "coloredlogs": "15.0.1",
    "colorful": "0.5.6",
    "comm": "0.2.2",
    "confection": "0.1.5",
    "contourpy": "1.2.1",
    "cycler": "0.12.1",
    "cymem": "2.0.8",
    "dash": "2.17.1",
    "dash-core-components": "2.0.0",
    "dash-html-components": "2.0.0",
    "dash-table": "5.0.0",
    "datasets": "2.20.0",
    "debugpy": "1.8.1",
    "decorator": "5.1.1",
    "defusedxml": "0.7.1",
    "deprecation": "2.1.0",
    "dill": "0.3.8",
    "distlib": "0.3.8",
    "et-xmlfile": "1.1.0",
    "evaluate": "0.4.2",
    "exceptiongroup": "1.2.1",
    "executing": "2.0.1",
    "fanstatic": "1.4",
    "fastai": "2.7.15",
    "fastcore": "1.5.45",
    "fastdownload": "0.0.7",
    "fastjsonschema": "2.19.1",
    "fastprogress": "1.0.3",
    "filelock": "3.13.1",
    "flask": "3.0.3",
    "flatbuffers": "24.3.25",
    "folium": "0.17.0",
    "fonttools": "4.53.0",
    "frozendict": "2.4.4",
    "frozenlist": "1.4.1",
    "fsspec": "2024.2.0",
    "future": "1.0.0",
    "gdown": "5.2.0",
    "gitdb": "4.0.11",
    "gluonts": "0.14.3",
    "google-api-core": "2.19.0",
    "google-auth": "2.30.0",
    "googleapis-common-protos": "1.63.1",
    "graphviz": "0.20.3",
    "greenlet": "3.0.3",
    "grpcio": "1.64.1",
    "h2": "4.1.0",
    "hpack": "4.0.0",
    "html5lib": "1.1",
    "huggingface-hub": "0.23.3",
    "humanfriendly": "10.0",
    "hyperframe": "6.0.1",
    "hyperopt": "0.2.7",
    "idna": "3.7",
    "imageio": "2.34.1",
    "imbalanced-learn": "0.12.3",
    "importlib-metadata": "7.1.0",
    "importlib-resources": "6.4.0",
    "iniconfig": "2.0.0",
    "intel-openmp": "2021.4.0",
    "ipykernel": "6.29.4",
    "ipython": "8.12.0",
    "ipywidgets": "8.1.3",
    "itsdangerous": "2.2.0",
    "jedi": "0.19.1",
    "jinja2": "3.1.4",
    "jmespath": "1.0.1",
    "joblib": "1.3.2",
    "js": "1.0",
    "jsonschema": "4.21.1",
    "jsonschema-specifications": "2023.12.1",
    "jupyter-client": "8.6.2",
    "jupyter-core": "5.7.2",
    "jupyterlab-widgets": "3.0.11",
    "kaleido": "0.2.1",
    "kiwisolver": "1.4.5",
    "langcodes": "3.4.0",
    "language-data": "1.2.0",
    "lazy-loader": "0.4",
    "lightgbm": "4.3.0",
    "lightning": "2.1.4",
    "lightning-utilities": "0.11.2",
    "llvmlite": "0.43.0",
    "lxml": "5.2.2",
    "marisa-trie": "1.2.0",
    "markdown-it-py": "3.0.0",
    "matplotlib": "3.7.5",
    "matplotlib-inline": "0.1.7",
    "mdurl": "0.1.2",
    "mkl": "2021.4.0",
    "mlforecast": "0.10.0",
    "model-index": "0.1.11",
    "mpmath": "1.3.0",
    "msgpack": "1.0.8",
    "multidict": "6.0.5",
    "multiprocess": "0.70.16",
    "multitasking": "0.0.9",
    "munkres": "1.1.4",
    "murmurhash": "1.0.10",
    "nbformat": "5.10.4",
    "nest-asyncio": "1.6.0",
    "networkx": "3.2.1",
    "nlpaug": "1.1.11",
    "nltk": "3.8.1",
    "nptyping": "2.4.1",
    "numba": "0.60.0",
    "numpy": "1.24.4",
    "nvidia-ml-py3": "7.352.0",
    "omegaconf": "2.2.3",
    "onnx": "1.16.1",
    "onnxruntime": "1.18.0",
    "opencensus": "0.11.4",
    "opencensus-context": "0.1.3",
    "opendatalab": "0.0.10",
    "openfe": "0.0.12",
    "openmim": "0.3.9",
    "openpyxl": "3.1.4",
    "openxlab": "0.0.11",
    "optimum": "1.18.1",
    "ordered-set": "4.1.0",
    "orjson": "3.10.5",
    "packaging": "24.1",
    "pandas": "2.1.4",
    "parso": "0.8.4",
    "patsy": "0.5.6",
    "pdf2image": "1.17.0",
    "peewee": "3.17.6",
    "pickleshare": "0.7.5",
    "pillow": "10.3.0",
    "pip": "24.0",
    "platformdirs": "4.2.2",
    "plotly": "5.22.0",
    "plotly-resampler": "0.10.0",
    "pluggy": "1.5.0",
    "ply": "3.11",
    "pmdarima": "2.0.4",
    "preshed": "3.0.9",
    "prometheus-client": "0.20.0",
    "prompt-toolkit": "3.0.47",
    "proto-plus": "1.23.0",
    "protobuf": "4.25.3",
    "psutil": "5.9.8",
    "psycopg2-binary": "2.9.9",
    "pure-eval": "0.2.2",
    "py4j": "0.10.9.7",
    "py-spy": "0.3.14",
    "pyarrow": "16.1.0",
    "pyarrow-hotfix": "0.6",
    "pyasn1": "0.6.0",
    "pyasn1-modules": "0.4.0",
    "pycaret": "3.3.2",
    "pycodestyle": "2.12.0",
    "pycparser": "2.22",
    "pycryptodome": "3.20.0",
    "pydantic": "2.7.4",
    "pydantic-core": "2.18.4",
    "pydeck": "0.9.1",
    "pygments": "2.18.0",
    "pyod": "2.0.0",
    "pyparsing": "3.1.2",
    "pyreadline3": "3.4.1",
    "pyspark": "3.4.1",
    "pytesseract": "0.3.10",
    "pytest": "8.2.2",
    "python-dateutil": "2.9.0",
    "pytorch-lightning": "2.1.4",
    "pytorch-metric-learning": "2.3.0",
    "pytz": "2024.1",
    "pywavelets": "1.6.0",
    "pywin32": "306",
    "pyzmq": "26.0.3",
    "ray": "2.10.0",
    "referencing": "0.35.1",
    "regex": "2024.5.15",
    "requests": "2.32.3",
    "retrying": "1.3.4",
    "rich": "13.7.1",
    "rpds-py": "0.18.1",
    "rsa": "4.9",
    "s3transfer": "0.10.1",
    "safetensors": "0.4.3",
    "schemdraw": "0.15",
    "scikit-base": "0.7.8",
    "scikit-image": "0.20.0",
    "scikit-learn": "1.4.0",
    "scikit-plot": "0.3.7",
    "scipy": "1.9.1",
    "seaborn": "0.13.2",
    "sentencepiece": "0.2.0",
    "seqeval": "1.2.2",
    "setuptools": "70.0.0",
    "shellingham": "1.5.4",
    "sip": "6.7.12",
    "six": "1.16.0",
    "sktime": "0.26.0",
    "smart-open": "7.0.4",
    "smmap": "5.0.1",
    "soupsieve": "2.5",
    "spacy": "3.7.5",
    "spacy-legacy": "3.0.12",
    "spacy-loggers": "1.0.5",
    "srsly": "2.4.8",
    "stack-data": "0.6.2",
    "statsforecast": "1.4.0",
    "statsmodels": "0.14.2",
    "streamlit": "1.36.0",
    "sympy": "1.12",
    "tabulate": "0.9.0",
    "tbats": "1.1.3",
    "tbb": "2021.11.0",
    "tenacity": "8.3.0",
    "tensorboard": "2.17.0",
    "tensorboardx": "2.6.2.2",
    "tensorboard-data-server": "0.7.2",
    "text-unidecode": "1.3",
    "thinc": "8.2.4",
    "threadpoolctl": "3.5.0",
    "tifffile": "2024.5.22",
    "timm": "0.9.16",
    "tokenizers": "0.15.2",
    "tomli": "2.0.1",
    "toolz": "0.12.1",
    "torch": "2.1.2",
    "torchmetrics": "1.2.1",
    "torchvision": "0.16.2",
    "tornado": "6.4.1",
    "tqdm": "4.66.4",
    "traitlets": "5.14.3",
    "transformers": "4.38.2",
    "tsdownsample": "0.1.3",
    "typer": "0.12.3",
    "typing-extensions": "4.12.2",
    "tzdata": "2024.1",
    "unicodedata2": "15.1.0",
    "urllib3": "1.26.18",
    "utilsforecast": "0.0.10",
    "virtualenv": "20.26.2",
    "wasabi": "1.1.3",
    "watchdog": "4.0.1",
    "wcwidth": "0.2.13",
    "weasel": "0.4.1",
    "webencodings": "0.5.1",
    "werkzeug": "3.0.3",
    "wheel": "0.43.0",
    "widgetsnbextension": "4.0.11",
    "win-inet-pton": "1.1.0",
    "window-ops": "0.0.15",
    "xgboost": "2.0.3",
    "xxhash": "3.4.1",
    "xyzservices": "2024.6.0",
    "yarl": "1.9.4",
    "yellowbrick": "1.5",
    "yfinance": "0.2.41",
    "zipp": "3.19.2",
    "zstandard": "0.23.0"
  }
}